COUNTRY;DATE;SEGMENT;v_OST_R0;v_OST_R1;v_OST_R2;v_OST_R3;v_OST_R4;v_OST_R5;v_OST_R6;v_OST_R7;v_OST_CTX;v_OST_INS;TS0;TS1;TS2;TS3;TS4;TS5;TS6;TS7;TSCTX;1UNPAID
PPLK;201801;RAC;879,3052;48,8503;29,3102;7,816;6,839;2,931;0,977;0,977;48,8503;48,8503;0,0977;0,1954;0,1954;0,4885;1,954;0,0;0,0;0,0;0,0;9,7701
PPLK;201802;RAC;983,1929;54,6218;32,7731;8,7395;7,6471;3,2773;1,0924;1,0924;54,6218;54,6218;0,1092;0,2185;0,2185;0,5462;2,1849;0,0;0,0;0,0;0,0;10,9244
PPLK;201803;RAC;889,9314;49,4406;29,6644;7,9105;6,9217;2,9664;0,9888;0,9888;49,4406;49,4406;0,0989;0,1978;0,1978;0,4944;1,9776;0,0;0,0;0,0;0,0;9,8881
PPLK;201804;RAC;912,7415;50,7079;30,4247;8,1133;7,0991;3,0425;1,0142;1,0142;50,7079;50,7079;0,1014;0,2028;0,2028;0,5071;2,0283;0,0;0,0;0,0;0,0;10,1416
PPLK;201805;RAC;921,2087;51,1783;30,707;8,1885;7,165;3,0707;1,0236;1,0236;51,1783;51,1783;0,1024;0,2047;0,2047;0,5118;2,0471;0,0;0,0;0,0;0,0;10,2357
PPLK;201806;RAC;840,6613;46,7034;28,022;7,4725;6,5385;2,8022;0,9341;0,9341;46,7034;46,7034;0,0934;0,1868;0,1868;0,467;1,8681;0,0;0,0;0,0;0,0;9,3407
PPLK;201807;RAC;933,7055;51,8725;31,1235;8,2996;7,2622;3,1124;1,0375;1,0375;51,8725;51,8725;0,1037;0,2075;0,2075;0,5187;2,0749;0,0;0,0;0,0;0,0;10,3745
PPLK;201808;RAC;887,8075;49,3226;29,5936;7,8916;6,9052;2,9594;0,9865;0,9865;49,3226;49,3226;0,0986;0,1973;0,1973;0,4932;1,9729;0,0;0,0;0,0;0,0;9,8645
PPLK;201809;RAC;909,5864;50,5326;30,3195;8,0852;7,0746;3,032;1,0107;1,0107;50,5326;50,5326;0,1011;0,2021;0,2021;0,5053;2,0213;0,0;0,0;0,0;0,0;10,1065
PPLK;201810;RAC;902,5091;50,1394;30,0836;8,0223;7,0195;3,0084;1,0028;1,0028;50,1394;50,1394;0,1003;0,2006;0,2006;0,5014;2,0056;0,0;0,0;0,0;0,0;10,0279
PPLK;201811;RAC;907,0621;50,3923;30,2354;8,0628;7,0549;3,0235;1,0078;1,0078;50,3923;50,3923;0,1008;0,2016;0,2016;0,5039;2,0157;0,0;0,0;0,0;0,0;10,0785
PPLK;201812;RAC;952,6692;52,9261;31,7556;8,4682;7,4096;3,1756;1,0585;1,0585;52,9261;52,9261;0,1059;0,2117;0,2117;0,5293;2,117;0,0;0,0;0,0;0,0;10,5852
PPLK;201901;RAC;892,8372;49,6021;29,7612;7,9363;6,9443;2,9761;0,992;0,992;49,6021;49,6021;0,0992;0,1984;0,1984;0,496;1,9841;0,0;0,0;0,0;0,0;9,9204
PPLK;201902;RAC;940,3352;52,2408;31,3445;8,3585;7,3137;3,1345;1,0448;1,0448;52,2408;52,2408;0,1045;0,209;0,209;0,5224;2,0896;0,0;0,0;0,0;0,0;10,4482
PPLK;201903;RAC;877,9563;48,7754;29,2652;7,8041;6,8285;2,9265;0,9755;0,9755;48,7754;48,7754;0,0976;0,1951;0,1951;0,4878;1,951;0,0;0,0;0,0;0,0;9,7551
PPLK;201904;RAC;903,2608;50,1812;30,1087;8,029;7,0254;3,0109;1,0036;1,0036;50,1812;50,1812;0,1004;0,2007;0,2007;0,5018;2,0072;0,0;0,0;0,0;0,0;10,0362
PITA;201801;RAC;848,5624;47,1424;28,2854;7,5428;6,5999;2,8285;0,9428;0,9428;47,1424;47,1424;0,0943;0,1886;0,1886;0,4714;1,8857;0,0;0,0;0,0;0,0;9,4285
PITA;201802;RAC;908,9464;50,497;30,2982;8,0795;7,0696;3,0298;1,0099;1,0099;50,497;50,497;0,101;0,202;0,202;0,505;2,0199;0,0;0,0;0,0;0,0;10,0994
PITA;201803;RAC;914,7704;50,8206;30,4923;8,1313;7,1149;3,0492;1,0164;1,0164;50,8206;50,8206;0,1016;0,2033;0,2033;0,5082;2,0328;0,0;0,0;0,0;0,0;10,1641
PITA;201804;RAC;887,9412;49,3301;29,598;7,8928;6,9062;2,9598;0,9866;0,9866;49,3301;49,3301;0,0987;0,1973;0,1973;0,4933;1,9732;0,0;0,0;0,0;0,0;9,866
PITA;201805;RAC;922,477;51,2487;30,7492;8,1998;7,1748;3,0749;1,025;1,025;51,2487;51,2487;0,1025;0,205;0,205;0,5125;2,0499;0,0;0,0;0,0;0,0;10,2497
PITA;201806;RAC;928,8134;51,6007;30,9604;8,2561;7,2241;3,096;1,032;1,032;51,6007;51,6007;0,1032;0,2064;0,2064;0,516;2,064;0,0;0,0;0,0;0,0;10,3201
PITA;201807;RAC;862,323;47,9068;28,7441;7,6651;6,707;2,8744;0,9581;0,9581;47,9068;47,9068;0,0958;0,1916;0,1916;0,4791;1,9163;0,0;0,0;0,0;0,0;9,5814
PITA;201808;RAC;878,7591;48,82;29,292;7,8112;6,8348;2,9292;0,9764;0,9764;48,82;48,82;0,0976;0,1953;0,1953;0,4882;1,9528;0,0;0,0;0,0;0,0;9,764
PITA;201809;RAC;860,2139;47,7897;28,6738;7,6463;6,6906;2,8674;0,9558;0,9558;47,7897;47,7897;0,0956;0,1912;0,1912;0,4779;1,9116;0,0;0,0;0,0;0,0;9,5579
PITA;201810;RAC;898,4011;49,9112;29,9467;7,9858;6,9876;2,9947;0,9982;0,9982;49,9112;49,9112;0,0998;0,1996;0,1996;0,4991;1,9964;0,0;0,0;0,0;0,0;9,9822
PITA;201811;RAC;914,3647;50,798;30,4788;8,1277;7,1117;3,0479;1,016;1,016;50,798;50,798;0,1016;0,2032;0,2032;0,508;2,0319;0,0;0,0;0,0;0,0;10,1596
PITA;201812;RAC;906,9079;50,3838;30,2303;8,0614;7,0537;3,023;1,0077;1,0077;50,3838;50,3838;0,1008;0,2015;0,2015;0,5038;2,0154;0,0;0,0;0,0;0,0;10,0768
PITA;201901;RAC;882,2107;49,0117;29,407;7,8419;6,8616;2,9407;0,9802;0,9802;49,0117;49,0117;0,098;0,196;0,196;0,4901;1,9605;0,0;0,0;0,0;0,0;9,8023
PITA;201902;RAC;950,3816;52,799;31,6794;8,4478;7,3919;3,1679;1,056;1,056;52,799;52,799;0,1056;0,2112;0,2112;0,528;2,112;0,0;0,0;0,0;0,0;10,5598
PITA;201903;RAC;886,1398;49,23;29,538;7,8768;6,8922;2,9538;0,9846;0,9846;49,23;49,23;0,0985;0,1969;0,1969;0,4923;1,9692;0,0;0,0;0,0;0,0;9,846
PITA;201904;RAC;851,3472;47,2971;28,3782;7,5675;6,6216;2,8378;0,9459;0,9459;47,2971;47,2971;0,0946;0,1892;0,1892;0,473;1,8919;0,0;0,0;0,0;0,0;9,4594
PPOR;201801;Cards;884,2992;49,1277;29,4766;7,8604;6,8779;2,9477;0,9826;0,9826;49,1277;49,1277;0,0983;0,1965;0,1965;0,4913;1,9651;0,0;0,0;0,0;0,0;9,8255
PPOR;201802;Cards;912,4763;50,6931;30,4159;8,1109;7,097;3,0416;1,0139;1,0139;50,6931;50,6931;0,1014;0,2028;0,2028;0,5069;2,0277;0,0;0,0;0,0;0,0;10,1386
PPOR;201803;Cards;860,5939;47,8108;28,6865;7,6497;6,6935;2,8686;0,9562;0,9562;47,8108;47,8108;0,0956;0,1912;0,1912;0,4781;1,9124;0,0;0,0;0,0;0,0;9,5622
PPOR;201804;Cards;912,5865;50,6992;30,4195;8,1119;7,0979;3,042;1,014;1,014;50,6992;50,6992;0,1014;0,2028;0,2028;0,507;2,028;0,0;0,0;0,0;0,0;10,1398
PPOR;201805;Cards;921,4301;51,1906;30,7143;8,1905;7,1667;3,0714;1,0238;1,0238;51,1906;51,1906;0,1024;0,2048;0,2048;0,5119;2,0476;0,0;0,0;0,0;0,0;10,2381
PPOR;201806;Cards;860,5313;47,8073;28,6844;7,6492;6,693;2,8684;0,9561;0,9561;47,8073;47,8073;0,0956;0,1912;0,1912;0,4781;1,9123;0,0;0,0;0,0;0,0;9,5615
PPOR;201807;Cards;916,0196;50,89;30,534;8,1424;7,1246;3,0534;1,0178;1,0178;50,89;50,89;0,1018;0,2036;0,2036;0,5089;2,0356;0,0;0,0;0,0;0,0;10,178
PPOR;201808;Cards;905,3592;50,2977;30,1786;8,0476;7,0417;3,0179;1,006;1,006;50,2977;50,2977;0,1006;0,2012;0,2012;0,503;2,0119;0,0;0,0;0,0;0,0;10,0595
PPOR;201809;Cards;944,4927;52,4718;31,4831;8,3955;7,3461;3,1483;1,0494;1,0494;52,4718;52,4718;0,1049;0,2099;0,2099;0,5247;2,0989;0,0;0,0;0,0;0,0;10,4944
PPOR;201810;Cards;877,1873;48,7326;29,2396;7,7972;6,8226;2,924;0,9747;0,9747;48,7326;48,7326;0,0975;0,1949;0,1949;0,4873;1,9493;0,0;0,0;0,0;0,0;9,7465
PPOR;201811;Cards;867,3649;48,1869;28,9122;7,7099;6,7462;2,8912;0,9637;0,9637;48,1869;48,1869;0,0964;0,1927;0,1927;0,4819;1,9275;0,0;0,0;0,0;0,0;9,6374
PPOR;201812;Cards;925,6887;51,4271;30,8563;8,2283;7,1998;3,0856;1,0285;1,0285;51,4271;51,4271;0,1029;0,2057;0,2057;0,5143;2,0571;0,0;0,0;0,0;0,0;10,2854
PPOR;201901;Cards;896,6554;49,8142;29,8885;7,9703;6,974;2,9889;0,9963;0,9963;49,8142;49,8142;0,0996;0,1993;0,1993;0,4981;1,9926;0,0;0,0;0,0;0,0;9,9628
PPOR;201902;Cards;918,7798;51,0433;30,626;8,1669;7,1461;3,0626;1,0209;1,0209;51,0433;51,0433;0,1021;0,2042;0,2042;0,5104;2,0417;0,0;0,0;0,0;0,0;10,2087
PPOR;201903;Cards;893,1171;49,6176;29,7706;7,9388;6,9465;2,9771;0,9924;0,9924;49,6176;49,6176;0,0992;0,1985;0,1985;0,4962;1,9847;0,0;0,0;0,0;0,0;9,9235
PPOR;201904;Cards;927,9468;51,5526;30,9316;8,2484;7,2174;3,0932;1,0311;1,0311;51,5526;51,5526;0,1031;0,2062;0,2062;0,5155;2,0621;0,0;0,0;0,0;0,0;10,3105
PITA;201801;Bank;887,2906;49,2939;29,5764;7,887;6,9011;2,9576;0,9859;0,9859;49,2939;49,2939;0,0986;0,1972;0,1972;0,4929;1,9718;0,0;0,0;0,0;0,0;9,8588
PITA;201802;Bank;858,051;47,6695;28,6017;7,6271;6,6737;2,8602;0,9534;0,9534;47,6695;47,6695;0,0953;0,1907;0,1907;0,4767;1,9068;0,0;0,0;0,0;0,0;9,5339
PITA;201803;Bank;878,1854;48,7881;29,2728;7,8061;6,8303;2,9273;0,9758;0,9758;48,7881;48,7881;0,0976;0,1952;0,1952;0,4879;1,9515;0,0;0,0;0,0;0,0;9,7576
PITA;201804;Bank;909,7788;50,5433;30,326;8,0869;7,0761;3,0326;1,0109;1,0109;50,5433;50,5433;0,1011;0,2022;0,2022;0,5054;2,0217;0,0;0,0;0,0;0,0;10,1087
PITA;201805;Bank;908,2168;50,4565;30,2739;8,073;7,0639;3,0274;1,0091;1,0091;50,4565;50,4565;0,1009;0,2018;0,2018;0,5046;2,0183;0,0;0,0;0,0;0,0;10,0913
PITA;201806;Bank;873,6627;48,5368;29,1221;7,7659;6,7952;2,9122;0,9707;0,9707;48,5368;48,5368;0,0971;0,1941;0,1941;0,4854;1,9415;0,0;0,0;0,0;0,0;9,7074
PITA;201807;Bank;885,1236;49,1735;29,5041;7,8678;6,8843;2,9504;0,9835;0,9835;49,1735;49,1735;0,0983;0,1967;0,1967;0,4917;1,9669;0,0;0,0;0,0;0,0;9,8347
PITA;201808;Bank;900,9258;50,0514;30,0309;8,0082;7,0072;3,0031;1,001;1,001;50,0514;50,0514;0,1001;0,2002;0,2002;0,5005;2,0021;0,0;0,0;0,0;0,0;10,0103
PITA;201809;Bank;886,5872;49,2548;29,5529;7,8808;6,8957;2,9553;0,9851;0,9851;49,2548;49,2548;0,0985;0,197;0,197;0,4925;1,9702;0,0;0,0;0,0;0,0;9,851
PITA;201810;Bank;904,0221;50,2235;30,1341;8,0358;7,0313;3,0134;1,0045;1,0045;50,2235;50,2235;0,1004;0,2009;0,2009;0,5022;2,0089;0,0;0,0;0,0;0,0;10,0447
PITA;201811;Bank;901,7342;50,0963;30,0578;8,0154;7,0135;3,0058;1,0019;1,0019;50,0963;50,0963;0,1002;0,2004;0,2004;0,501;2,0039;0,0;0,0;0,0;0,0;10,0193
PITA;201812;Bank;906,772;50,3762;30,2257;8,0602;7,0527;3,0226;1,0075;1,0075;50,3762;50,3762;0,1008;0,2015;0,2015;0,5038;2,015;0,0;0,0;0,0;0,0;10,0752
PITA;201901;Bank;858,084;47,6713;28,6028;7,6274;6,674;2,8603;0,9534;0,9534;47,6713;47,6713;0,0953;0,1907;0,1907;0,4767;1,9069;0,0;0,0;0,0;0,0;9,5343
PITA;201902;Bank;890,5435;49,4746;29,6848;7,9159;6,9264;2,9685;0,9895;0,9895;49,4746;49,4746;0,0989;0,1979;0,1979;0,4947;1,979;0,0;0,0;0,0;0,0;9,8949
PITA;201903;Bank;874,1246;48,5625;29,1375;7,77;6,7987;2,9137;0,9712;0,9712;48,5625;48,5625;0,0971;0,1942;0,1942;0,4856;1,9425;0,0;0,0;0,0;0,0;9,7125
PITA;201904;Bank;960,1871;53,3437;32,0062;8,535;7,4681;3,2006;1,0669;1,0669;53,3437;53,3437;0,1067;0,2134;0,2134;0,5334;2,1337;0,0;0,0;0,0;0,0;10,6687
PPLK;201801;Auto;873,2722;48,5151;29,1091;7,7624;6,7921;2,9109;0,9703;0,9703;48,5151;48,5151;0,097;0,1941;0,1941;0,4852;1,9406;0,0;0,0;0,0;0,0;9,703
PPLK;201802;Auto;913,7275;50,7626;30,4576;8,122;7,1068;3,0458;1,0153;1,0153;50,7626;50,7626;0,1015;0,2031;0,2031;0,5076;2,0305;0,0;0,0;0,0;0,0;10,1525
PPLK;201803;Auto;866,3859;48,1325;28,8795;7,7012;6,7386;2,888;0,9627;0,9627;48,1325;48,1325;0,0963;0,1925;0,1925;0,4813;1,9253;0,0;0,0;0,0;0,0;9,6265
PPLK;201804;Auto;885,6567;49,2031;29,5219;7,8725;6,8884;2,9522;0,9841;0,9841;49,2031;49,2031;0,0984;0,1968;0,1968;0,492;1,9681;0,0;0,0;0,0;0,0;9,8406
PPLK;201805;Auto;867,0057;48,167;28,9002;7,7067;6,7434;2,89;0,9633;0,9633;48,167;48,167;0,0963;0,1927;0,1927;0,4817;1,9267;0,0;0,0;0,0;0,0;9,6334
PPLK;201806;Auto;876,8746;48,7153;29,2292;7,7944;6,8201;2,9229;0,9743;0,9743;48,7153;48,7153;0,0974;0,1949;0,1949;0,4872;1,9486;0,0;0,0;0,0;0,0;9,7431
PPLK;201807;Auto;904,3606;50,2423;30,1454;8,0388;7,0339;3,0145;1,0048;1,0048;50,2423;50,2423;0,1005;0,201;0,201;0,5024;2,0097;0,0;0,0;0,0;0,0;10,0485
PPLK;201808;Auto;880,5445;48,9191;29,3515;7,8271;6,8487;2,9351;0,9784;0,9784;48,9191;48,9191;0,0978;0,1957;0,1957;0,4892;1,9568;0,0;0,0;0,0;0,0;9,7838
PPLK;201809;Auto;864,8633;48,048;28,8288;7,6877;6,7267;2,8829;0,961;0,961;48,048;48,048;0,0961;0,1922;0,1922;0,4805;1,9219;0,0;0,0;0,0;0,0;9,6096
PPLK;201810;Auto;948,1295;52,6739;31,6043;8,4278;7,3743;3,1604;1,0535;1,0535;52,6739;52,6739;0,1053;0,2107;0,2107;0,5267;2,107;0,0;0,0;0,0;0,0;10,5348
PPLK;201811;Auto;861,3757;47,8542;28,7125;7,6567;6,6996;2,8713;0,9571;0,9571;47,8542;47,8542;0,0957;0,1914;0,1914;0,4785;1,9142;0,0;0,0;0,0;0,0;9,5708
PPLK;201812;Auto;863,2226;47,9568;28,7741;7,6731;6,714;2,8774;0,9591;0,9591;47,9568;47,9568;0,0959;0,1918;0,1918;0,4796;1,9183;0,0;0,0;0,0;0,0;9,5914
PPLK;201901;Auto;896,0819;49,7823;29,8694;7,9652;6,9695;2,9869;0,9956;0,9956;49,7823;49,7823;0,0996;0,1991;0,1991;0,4978;1,9913;0,0;0,0;0,0;0,0;9,9565
PPLK;201902;Auto;919,3752;51,0764;30,6458;8,1722;7,1507;3,0646;1,0215;1,0215;51,0764;51,0764;0,1022;0,2043;0,2043;0,5108;2,0431;0,0;0,0;0,0;0,0;10,2153
PPLK;201903;Auto;922,9888;51,2772;30,7663;8,2043;7,1788;3,0766;1,0255;1,0255;51,2772;51,2772;0,1026;0,2051;0,2051;0,5128;2,0511;0,0;0,0;0,0;0,0;10,2554
PPLK;201904;Auto;892,3027;49,5724;29,7434;7,9316;6,9401;2,9743;0,9914;0,9914;49,5724;49,5724;0,0991;0,1983;0,1983;0,4957;1,9829;0,0;0,0;0,0;0,0;9,9145
PITA;201801;Auto;904,928;50,2738;30,1643;8,0438;7,0383;3,0164;1,0055;1,0055;50,2738;50,2738;0,1005;0,2011;0,2011;0,5027;2,011;0,0;0,0;0,0;0,0;10,0548
PITA;201802;Auto;882,6511;49,0362;29,4217;7,8458;6,8651;2,9422;0,9807;0,9807;49,0362;49,0362;0,0981;0,1961;0,1961;0,4904;1,9614;0,0;0,0;0,0;0,0;9,8072
PITA;201803;Auto;896,707;49,8171;29,8902;7,9707;6,9744;2,989;0,9963;0,9963;49,8171;49,8171;0,0996;0,1993;0,1993;0,4982;1,9927;0,0;0,0;0,0;0,0;9,9634
PITA;201804;Auto;899,8081;49,9893;29,9936;7,9983;6,9985;2,9994;0,9998;0,9998;49,9893;49,9893;0,1;0,2;0,2;0,4999;1,9996;0,0;0,0;0,0;0,0;9,9979
PITA;201805;Auto;884,4809;49,1378;29,4827;7,8621;6,8793;2,9483;0,9828;0,9828;49,1378;49,1378;0,0983;0,1966;0,1966;0,4914;1,9655;0,0;0,0;0,0;0,0;9,8276
PITA;201806;Auto;886,3628;49,2424;29,5454;7,8788;6,8939;2,9545;0,9848;0,9848;49,2424;49,2424;0,0985;0,197;0,197;0,4924;1,9697;0,0;0,0;0,0;0,0;9,8485
PITA;201807;Auto;907,2887;50,4049;30,243;8,0648;7,0567;3,0243;1,0081;1,0081;50,4049;50,4049;0,1008;0,2016;0,2016;0,504;2,0162;0,0;0,0;0,0;0,0;10,081
PITA;201808;Auto;883,8179;49,101;29,4606;7,8562;6,8741;2,9461;0,982;0,982;49,101;49,101;0,0982;0,1964;0,1964;0,491;1,964;0,0;0,0;0,0;0,0;9,8202
PITA;201809;Auto;871,7384;48,4299;29,0579;7,7488;6,7802;2,9058;0,9686;0,9686;48,4299;48,4299;0,0969;0,1937;0,1937;0,4843;1,9372;0,0;0,0;0,0;0,0;9,686
PITA;201810;Auto;885,7744;49,2097;29,5258;7,8735;6,8894;2,9526;0,9842;0,9842;49,2097;49,2097;0,0984;0,1968;0,1968;0,4921;1,9684;0,0;0,0;0,0;0,0;9,8419
PITA;201811;Auto;883,5309;49,085;29,451;7,8536;6,8719;2,9451;0,9817;0,9817;49,085;49,085;0,0982;0,1963;0,1963;0,4909;1,9634;0,0;0,0;0,0;0,0;9,817
PITA;201812;Auto;934,3947;51,9108;31,1465;8,3057;7,2675;3,1146;1,0382;1,0382;51,9108;51,9108;0,1038;0,2076;0,2076;0,5191;2,0764;0,0;0,0;0,0;0,0;10,3822
PITA;201901;Auto;856,8349;47,6019;28,5612;7,6163;6,6643;2,8561;0,952;0,952;47,6019;47,6019;0,0952;0,1904;0,1904;0,476;1,9041;0,0;0,0;0,0;0,0;9,5204
PITA;201902;Auto;910,1996;50,5666;30,34;8,0907;7,0793;3,034;1,0113;1,0113;50,5666;50,5666;0,1011;0,2023;0,2023;0,5057;2,0227;0,0;0,0;0,0;0,0;10,1133
PITA;201903;Auto;892,1499;49,5639;29,7383;7,9302;6,9389;2,9738;0,9913;0,9913;49,5639;49,5639;0,0991;0,1983;0,1983;0,4956;1,9826;0,0;0,0;0,0;0,0;9,9128
PITA;201904;Auto;916,2823;50,9046;30,5427;8,1447;7,1266;3,0543;1,0181;1,0181;50,9046;50,9046;0,1018;0,2036;0,2036;0,509;2,0362;0,0;0,0;0,0;0,0;10,1809
PPOR;201801;Direct;884,6346;49,1464;29,4878;7,8634;6,8805;2,9488;0,9829;0,9829;49,1464;49,1464;0,0983;0,1966;0,1966;0,4915;1,9659;0,0;0,0;0,0;0,0;9,8293
PPOR;201802;Direct;957,188;53,1771;31,9063;8,5083;7,4448;3,1906;1,0635;1,0635;53,1771;53,1771;0,1064;0,2127;0,2127;0,5318;2,1271;0,0;0,0;0,0;0,0;10,6354
PPOR;201803;Direct;906,2714;50,3484;30,209;8,0557;7,0488;3,0209;1,007;1,007;50,3484;50,3484;0,1007;0,2014;0,2014;0,5035;2,0139;0,0;0,0;0,0;0,0;10,0697
PPOR;201804;Direct;860,2669;47,7926;28,6756;7,6468;6,691;2,8676;0,9559;0,9559;47,7926;47,7926;0,0956;0,1912;0,1912;0,4779;1,9117;0,0;0,0;0,0;0,0;9,5585
PPOR;201805;Direct;882,4154;49,0231;29,4138;7,8437;6,8632;2,9414;0,9805;0,9805;49,0231;49,0231;0,098;0,1961;0,1961;0,4902;1,9609;0,0;0,0;0,0;0,0;9,8046
PPOR;201806;Direct;875,9485;48,6638;29,1983;7,7862;6,8129;2,9198;0,9733;0,9733;48,6638;48,6638;0,0973;0,1947;0,1947;0,4866;1,9466;0,0;0,0;0,0;0,0;9,7328
PPOR;201807;Direct;933,6818;51,8712;31,1227;8,2994;7,262;3,1123;1,0374;1,0374;51,8712;51,8712;0,1037;0,2075;0,2075;0,5187;2,0748;0,0;0,0;0,0;0,0;10,3742
PPOR;201808;Direct;899,0846;49,9491;29,9695;7,9919;6,9929;2,9969;0,999;0,999;49,9491;49,9491;0,0999;0,1998;0,1998;0,4995;1,998;0,0;0,0;0,0;0,0;9,9898
PPOR;201809;Direct;910,9283;50,6071;30,3643;8,0971;7,085;3,0364;1,0121;1,0121;50,6071;50,6071;0,1012;0,2024;0,2024;0,5061;2,0243;0,0;0,0;0,0;0,0;10,1214
PPOR;201810;Direct;901,2813;50,0712;30,0427;8,0114;7,01;3,0043;1,0014;1,0014;50,0712;50,0712;0,1001;0,2003;0,2003;0,5007;2,0028;0,0;0,0;0,0;0,0;10,0142
PPOR;201811;Direct;913,2209;50,7345;30,4407;8,1175;7,1028;3,0441;1,0147;1,0147;50,7345;50,7345;0,1015;0,2029;0,2029;0,5073;2,0294;0,0;0,0;0,0;0,0;10,1469
PPOR;201812;Direct;896,4051;49,8003;29,8802;7,968;6,972;2,988;0,996;0,996;49,8003;49,8003;0,0996;0,1992;0,1992;0,498;1,992;0,0;0,0;0,0;0,0;9,9601
PPOR;201901;Direct;952,5682;52,9205;31,7523;8,4673;7,4089;3,1752;1,0584;1,0584;52,9205;52,9205;0,1058;0,2117;0,2117;0,5292;2,1168;0,0;0,0;0,0;0,0;10,5841
PPOR;201902;Direct;894,7024;49,7057;29,8234;7,9529;6,9588;2,9823;0,9941;0,9941;49,7057;49,7057;0,0994;0,1988;0,1988;0,4971;1,9882;0,0;0,0;0,0;0,0;9,9411
PPOR;201903;Direct;874,4681;48,5816;29,1489;7,7731;6,8014;2,9149;0,9716;0,9716;48,5816;48,5816;0,0972;0,1943;0,1943;0,4858;1,9433;0,0;0,0;0,0;0,0;9,7163
PPOR;201904;Direct;883,2345;49,0686;29,4412;7,851;6,8696;2,9441;0,9814;0,9814;49,0686;49,0686;0,0981;0,1963;0,1963;0,4907;1,9627;0,0;0,0;0,0;0,0;9,8137
PPLK;201801;Retail;879,9325;48,8851;29,3311;7,8216;6,8439;2,9331;0,9777;0,9777;48,8851;48,8851;0,0978;0,1955;0,1955;0,4889;1,9554;0,0;0,0;0,0;0,0;9,777
PPLK;201802;Retail;929,2963;51,6276;30,9765;8,2604;7,2279;3,0977;1,0326;1,0326;51,6276;51,6276;0,1033;0,2065;0,2065;0,5163;2,0651;0,0;0,0;0,0;0,0;10,3255
PPLK;201803;Retail;900,9358;50,052;30,0312;8,0083;7,0073;3,0031;1,001;1,001;50,052;50,052;0,1001;0,2002;0,2002;0,5005;2,0021;0,0;0,0;0,0;0,0;10,0104
PPLK;201804;Retail;906,0218;50,3345;30,2007;8,0535;7,0468;3,0201;1,0067;1,0067;50,3345;50,3345;0,1007;0,2013;0,2013;0,5033;2,0134;0,0;0,0;0,0;0,0;10,0669
PPLK;201805;Retail;914,9078;50,8282;30,4969;8,1325;7,1159;3,0497;1,0166;1,0166;50,8282;50,8282;0,1017;0,2033;0,2033;0,5083;2,0331;0,0;0,0;0,0;0,0;10,1656
PPLK;201806;Retail;891,7565;49,542;29,7252;7,9267;6,9359;2,9725;0,9908;0,9908;49,542;49,542;0,0991;0,1982;0,1982;0,4954;1,9817;0,0;0,0;0,0;0,0;9,9084
PPLK;201807;Retail;905,7669;50,3204;30,1922;8,0513;7,0449;3,0192;1,0064;1,0064;50,3204;50,3204;0,1006;0,2013;0,2013;0,5032;2,0128;0,0;0,0;0,0;0,0;10,0641
PPLK;201808;Retail;926,3582;51,4643;30,8786;8,2343;7,205;3,0879;1,0293;1,0293;51,4643;51,4643;0,1029;0,2059;0,2059;0,5146;2,0586;0,0;0,0;0,0;0,0;10,2929
PPLK;201809;Retail;936,097;52,0054;31,2032;8,3209;7,2808;3,1203;1,0401;1,0401;52,0054;52,0054;0,104;0,208;0,208;0,5201;2,0802;0,0;0,0;0,0;0,0;10,4011
PPLK;201810;Retail;901,0815;50,0601;30,0361;8,0096;7,0084;3,0036;1,0012;1,0012;50,0601;50,0601;0,1001;0,2002;0,2002;0,5006;2,0024;0,0;0,0;0,0;0,0;10,012
PPLK;201811;Retail;881,4685;48,9705;29,3823;7,8353;6,8559;2,9382;0,9794;0,9794;48,9705;48,9705;0,0979;0,1959;0,1959;0,4897;1,9588;0,0;0,0;0,0;0,0;9,7941
PPLK;201812;Retail;893,6021;49,6446;29,7867;7,9431;6,9502;2,9787;0,9929;0,9929;49,6446;49,6446;0,0993;0,1986;0,1986;0,4964;1,9858;0,0;0,0;0,0;0,0;9,9289
PPLK;201901;Retail;907,1347;50,3964;30,2378;8,0634;7,0555;3,0238;1,0079;1,0079;50,3964;50,3964;0,1008;0,2016;0,2016;0,504;2,0159;0,0;0,0;0,0;0,0;10,0793
PPLK;201902;Retail;930,692;51,7051;31,0231;8,2728;7,2387;3,1023;1,0341;1,0341;51,7051;51,7051;0,1034;0,2068;0,2068;0,5171;2,0682;0,0;0,0;0,0;0,0;10,341
PPLK;201903;Retail;883,9196;49,1066;29,464;7,8571;6,8749;2,9464;0,9821;0,9821;49,1066;49,1066;0,0982;0,1964;0,1964;0,4911;1,9643;0,0;0,0;0,0;0,0;9,8213
PPLK;201904;Retail;912,8791;50,7155;30,4293;8,1145;7,1002;3,0429;1,0143;1,0143;50,7155;50,7155;0,1014;0,2029;0,2029;0,5072;2,0286;0,0;0,0;0,0;0,0;10,1431
PPOR;201801;Retail;956,7157;53,1509;31,8905;8,5041;7,4411;3,1891;1,063;1,063;53,1509;53,1509;0,1063;0,2126;0,2126;0,5315;2,126;0,0;0,0;0,0;0,0;10,6302
PPOR;201802;Retail;919,8429;51,1024;30,6614;8,1764;7,1543;3,0661;1,022;1,022;51,1024;51,1024;0,1022;0,2044;0,2044;0,511;2,0441;0,0;0,0;0,0;0,0;10,2205
PPOR;201803;Retail;936,0229;52,0013;31,2008;8,3202;7,2802;3,1201;1,04;1,04;52,0013;52,0013;0,104;0,208;0,208;0,52;2,0801;0,0;0,0;0,0;0,0;10,4003
PPOR;201804;Retail;863,4333;47,9685;28,7811;7,675;6,7156;2,8781;0,9594;0,9594;47,9685;47,9685;0,0959;0,1919;0,1919;0,4797;1,9187;0,0;0,0;0,0;0,0;9,5937
PPOR;201805;Retail;871,4013;48,4112;29,0467;7,7458;6,7776;2,9047;0,9682;0,9682;48,4112;48,4112;0,0968;0,1936;0,1936;0,4841;1,9364;0,0;0,0;0,0;0,0;9,6822
PPOR;201806;Retail;895,8538;49,7697;29,8618;7,9631;6,9678;2,9862;0,9954;0,9954;49,7697;49,7697;0,0995;0,1991;0,1991;0,4977;1,9908;0,0;0,0;0,0;0,0;9,9539
PPOR;201807;Retail;872,6545;48,4808;29,0885;7,7569;6,7873;2,9088;0,9696;0,9696;48,4808;48,4808;0,097;0,1939;0,1939;0,4848;1,9392;0,0;0,0;0,0;0,0;9,6962
PPOR;201808;Retail;887,7292;49,3183;29,591;7,8909;6,9046;2,9591;0,9864;0,9864;49,3183;49,3183;0,0986;0,1973;0,1973;0,4932;1,9727;0,0;0,0;0,0;0,0;9,8637
PPOR;201809;Retail;925,5593;51,42;30,852;8,2272;7,1988;3,0852;1,0284;1,0284;51,42;51,42;0,1028;0,2057;0,2057;0,5142;2,0568;0,0;0,0;0,0;0,0;10,284
PPOR;201810;Retail;925,0722;51,3929;30,8357;8,2229;7,195;3,0836;1,0279;1,0279;51,3929;51,3929;0,1028;0,2056;0,2056;0,5139;2,0557;0,0;0,0;0,0;0,0;10,2786
PPOR;201811;Retail;932,83;51,8239;31,0943;8,2918;7,2553;3,1094;1,0365;1,0365;51,8239;51,8239;0,1036;0,2073;0,2073;0,5182;2,073;0,0;0,0;0,0;0,0;10,3648
PPOR;201812;Retail;874,9279;48,6071;29,1643;7,7771;6,805;2,9164;0,9721;0,9721;48,6071;48,6071;0,0972;0,1944;0,1944;0,4861;1,9443;0,0;0,0;0,0;0,0;9,7214
PPOR;201901;Retail;939,7846;52,2103;31,3262;8,3536;7,3094;3,1326;1,0442;1,0442;52,2103;52,2103;0,1044;0,2088;0,2088;0,5221;2,0884;0,0;0,0;0,0;0,0;10,4421
PPOR;201902;Retail;868,9546;48,2753;28,9652;7,724;6,7585;2,8965;0,9655;0,9655;48,2753;48,2753;0,0966;0,1931;0,1931;0,4828;1,931;0,0;0,0;0,0;0,0;9,6551
PPOR;201903;Retail;870,881;48,3823;29,0294;7,7412;6,7735;2,9029;0,9676;0,9676;48,3823;48,3823;0,0968;0,1935;0,1935;0,4838;1,9353;0,0;0,0;0,0;0,0;9,6765
PPOR;201904;Retail;949,7263;52,7626;31,6575;8,442;7,3868;3,1658;1,0553;1,0553;52,7626;52,7626;0,1055;0,2111;0,2111;0,5276;2,1105;0,0;0,0;0,0;0,0;10,5525
PPOR;201801;RAC;957,8221;53,2123;31,9274;8,514;7,4497;3,1927;1,0642;1,0642;53,2123;53,2123;0,1064;0,2128;0,2128;0,5321;2,1285;0,0;0,0;0,0;0,0;10,6425
PPOR;201802;RAC;887,3933;49,2996;29,5798;7,8879;6,9019;2,958;0,986;0,986;49,2996;49,2996;0,0986;0,1972;0,1972;0,493;1,972;0,0;0,0;0,0;0,0;9,8599
PPOR;201803;RAC;928,7008;51,5945;30,9567;8,2551;7,2232;3,0957;1,0319;1,0319;51,5945;51,5945;0,1032;0,2064;0,2064;0,5159;2,0638;0,0;0,0;0,0;0,0;10,3189
PPOR;201804;RAC;884,5975;49,1443;29,4866;7,8631;6,8802;2,9487;0,9829;0,9829;49,1443;49,1443;0,0983;0,1966;0,1966;0,4914;1,9658;0,0;0,0;0,0;0,0;9,8289
PPOR;201805;RAC;923,7593;51,32;30,792;8,2112;7,1848;3,0792;1,0264;1,0264;51,32;51,32;0,1026;0,2053;0,2053;0,5132;2,0528;0,0;0,0;0,0;0,0;10,264
PPOR;201806;RAC;939,1798;52,1767;31,306;8,3483;7,3047;3,1306;1,0435;1,0435;52,1767;52,1767;0,1044;0,2087;0,2087;0,5218;2,0871;0,0;0,0;0,0;0,0;10,4353
PPOR;201807;RAC;860,2032;47,7891;28,6734;7,6463;6,6905;2,8673;0,9558;0,9558;47,7891;47,7891;0,0956;0,1912;0,1912;0,4779;1,9116;0,0;0,0;0,0;0,0;9,5578
PPOR;201808;RAC;971,2218;53,9568;32,3741;8,6331;7,5539;3,2374;1,0791;1,0791;53,9568;53,9568;0,1079;0,2158;0,2158;0,5396;2,1583;0,0;0,0;0,0;0,0;10,7914
PPOR;201809;RAC;881,0869;48,9493;29,3696;7,8319;6,8529;2,937;0,979;0,979;48,9493;48,9493;0,0979;0,1958;0,1958;0,4895;1,958;0,0;0,0;0,0;0,0;9,7899
PPOR;201810;RAC;872,6547;48,4808;29,0885;7,7569;6,7873;2,9088;0,9696;0,9696;48,4808;48,4808;0,097;0,1939;0,1939;0,4848;1,9392;0,0;0,0;0,0;0,0;9,6962
PPOR;201811;RAC;883,9912;49,1106;29,4664;7,8577;6,8755;2,9466;0,9822;0,9822;49,1106;49,1106;0,0982;0,1964;0,1964;0,4911;1,9644;0,0;0,0;0,0;0,0;9,8221
PPOR;201812;RAC;919,1244;51,0625;30,6375;8,17;7,1487;3,0637;1,0212;1,0212;51,0625;51,0625;0,1021;0,2042;0,2042;0,5106;2,0425;0,0;0,0;0,0;0,0;10,2125
PPOR;201901;RAC;864,6927;48,0385;28,8231;7,6862;6,7254;2,8823;0,9608;0,9608;48,0385;48,0385;0,0961;0,1922;0,1922;0,4804;1,9215;0,0;0,0;0,0;0,0;9,6077
PPOR;201902;RAC;879,146;48,8414;29,3049;7,8146;6,8378;2,9305;0,9768;0,9768;48,8414;48,8414;0,0977;0,1954;0,1954;0,4884;1,9537;0,0;0,0;0,0;0,0;9,7683
PPOR;201903;RAC;888,5301;49,3628;29,6177;7,898;6,9108;2,9618;0,9873;0,9873;49,3628;49,3628;0,0987;0,1975;0,1975;0,4936;1,9745;0,0;0,0;0,0;0,0;9,8726
PPOR;201904;RAC;910,1955;50,5664;30,3399;8,0906;7,0793;3,034;1,0113;1,0113;50,5664;50,5664;0,1011;0,2023;0,2023;0,5057;2,0227;0,0;0,0;0,0;0,0;10,1133
PITA;201801;Cards;931,5401;51,7522;31,0513;8,2804;7,2453;3,1051;1,035;1,035;51,7522;51,7522;0,1035;0,207;0,207;0,5175;2,0701;0,0;0,0;0,0;0,0;10,3504
PITA;201802;Cards;911,2806;50,6267;30,376;8,1003;7,0877;3,0376;1,0125;1,0125;50,6267;50,6267;0,1013;0,2025;0,2025;0,5063;2,0251;0,0;0,0;0,0;0,0;10,1253
PITA;201803;Cards;887,3585;49,2977;29,5786;7,8876;6,9017;2,9579;0,986;0,986;49,2977;49,2977;0,0986;0,1972;0,1972;0,493;1,9719;0,0;0,0;0,0;0,0;9,8595
PITA;201804;Cards;870,384;48,3547;29,0128;7,7367;6,7697;2,9013;0,9671;0,9671;48,3547;48,3547;0,0967;0,1934;0,1934;0,4835;1,9342;0,0;0,0;0,0;0,0;9,6709
PITA;201805;Cards;916,837;50,9354;30,5612;8,1497;7,131;3,0561;1,0187;1,0187;50,9354;50,9354;0,1019;0,2037;0,2037;0,5094;2,0374;0,0;0,0;0,0;0,0;10,1871
PITA;201806;Cards;893,0803;49,6156;29,7693;7,9385;6,9462;2,9769;0,9923;0,9923;49,6156;49,6156;0,0992;0,1985;0,1985;0,4962;1,9846;0,0;0,0;0,0;0,0;9,9231
PITA;201807;Cards;855,3199;47,5178;28,5107;7,6028;6,6525;2,8511;0,9504;0,9504;47,5178;47,5178;0,095;0,1901;0,1901;0,4752;1,9007;0,0;0,0;0,0;0,0;9,5036
PITA;201808;Cards;898,4317;49,9129;29,9477;7,9861;6,9878;2,9948;0,9983;0,9983;49,9129;49,9129;0,0998;0,1997;0,1997;0,4991;1,9965;0,0;0,0;0,0;0,0;9,9826
PITA;201809;Cards;872,5528;48,4752;29,0851;7,756;6,7865;2,9085;0,9695;0,9695;48,4752;48,4752;0,097;0,1939;0,1939;0,4848;1,939;0,0;0,0;0,0;0,0;9,695
PITA;201810;Cards;894,2269;49,6793;29,8076;7,9487;6,9551;2,9808;0,9936;0,9936;49,6793;49,6793;0,0994;0,1987;0,1987;0,4968;1,9872;0,0;0,0;0,0;0,0;9,9359
PITA;201811;Cards;935,3504;51,9639;31,1783;8,3142;7,2749;3,1178;1,0393;1,0393;51,9639;51,9639;0,1039;0,2079;0,2079;0,5196;2,0786;0,0;0,0;0,0;0,0;10,3928
PITA;201812;Cards;890,5513;49,4751;29,685;7,916;6,9265;2,9685;0,9895;0,9895;49,4751;49,4751;0,099;0,1979;0,1979;0,4948;1,979;0,0;0,0;0,0;0,0;9,895
PITA;201901;Cards;968,9574;53,831;32,2986;8,613;7,5363;3,2299;1,0766;1,0766;53,831;53,831;0,1077;0,2153;0,2153;0,5383;2,1532;0,0;0,0;0,0;0,0;10,7662
PITA;201902;Cards;928,411;51,5784;30,947;8,2525;7,221;3,0947;1,0316;1,0316;51,5784;51,5784;0,1032;0,2063;0,2063;0,5158;2,0631;0,0;0,0;0,0;0,0;10,3157
PITA;201903;Cards;913,5389;50,7522;30,4513;8,1203;7,1053;3,0451;1,015;1,015;50,7522;50,7522;0,1015;0,203;0,203;0,5075;2,0301;0,0;0,0;0,0;0,0;10,1504
PITA;201904;Cards;878,968;48,8316;29,2989;7,813;6,8364;2,9299;0,9766;0,9766;48,8316;48,8316;0,0977;0,1953;0,1953;0,4883;1,9533;0,0;0,0;0,0;0,0;9,7663
PPOR;201801;TES;940,3409;52,2412;31,3447;8,3586;7,3138;3,1345;1,0448;1,0448;52,2412;52,2412;0,1045;0,209;0,209;0,5224;2,0896;0,0;0,0;0,0;0,0;10,4482
PPOR;201802;TES;880,7496;48,9305;29,3583;7,8289;6,8503;2,9358;0,9786;0,9786;48,9305;48,9305;0,0979;0,1957;0,1957;0,4893;1,9572;0,0;0,0;0,0;0,0;9,7861
PPOR;201803;TES;886,4009;49,2445;29,5467;7,8791;6,8942;2,9547;0,9849;0,9849;49,2445;49,2445;0,0985;0,197;0,197;0,4924;1,9698;0,0;0,0;0,0;0,0;9,8489
PPOR;201804;TES;940,7977;52,2665;31,3599;8,3626;7,3173;3,136;1,0453;1,0453;52,2665;52,2665;0,1045;0,2091;0,2091;0,5227;2,0907;0,0;0,0;0,0;0,0;10,4533
PPOR;201805;TES;929,1418;51,619;30,9714;8,259;7,2267;3,0971;1,0324;1,0324;51,619;51,619;0,1032;0,2065;0,2065;0,5162;2,0648;0,0;0,0;0,0;0,0;10,3238
PPOR;201806;TES;877,9879;48,7771;29,2663;7,8043;6,8288;2,9266;0,9755;0,9755;48,7771;48,7771;0,0976;0,1951;0,1951;0,4878;1,9511;0,0;0,0;0,0;0,0;9,7554
PPOR;201807;TES;905,8213;50,3234;30,194;8,0517;7,0453;3,0194;1,0065;1,0065;50,3234;50,3234;0,1006;0,2013;0,2013;0,5032;2,0129;0,0;0,0;0,0;0,0;10,0647
PPOR;201808;TES;926,3231;51,4624;30,8774;8,234;7,2047;3,0877;1,0292;1,0292;51,4624;51,4624;0,1029;0,2058;0,2058;0,5146;2,0585;0,0;0,0;0,0;0,0;10,2925
PPOR;201809;TES;839,6314;46,6462;27,9877;7,4634;6,5305;2,7988;0,9329;0,9329;46,6462;46,6462;0,0933;0,1866;0,1866;0,4665;1,8658;0,0;0,0;0,0;0,0;9,3292
PPOR;201810;TES;908,152;50,4529;30,2717;8,0725;7,0634;3,0272;1,0091;1,0091;50,4529;50,4529;0,1009;0,2018;0,2018;0,5045;2,0181;0,0;0,0;0,0;0,0;10,0906
PPOR;201811;TES;898,6735;49,9263;29,9558;7,9882;6,9897;2,9956;0,9985;0,9985;49,9263;49,9263;0,0999;0,1997;0,1997;0,4993;1,9971;0,0;0,0;0,0;0,0;9,9853
PPOR;201812;TES;881,092;48,9496;29,3697;7,8319;6,8529;2,937;0,979;0,979;48,9496;48,9496;0,0979;0,1958;0,1958;0,4895;1,958;0,0;0,0;0,0;0,0;9,7899
PPOR;201901;TES;839,7124;46,6507;27,9904;7,4641;6,5311;2,799;0,933;0,933;46,6507;46,6507;0,0933;0,1866;0,1866;0,4665;1,866;0,0;0,0;0,0;0,0;9,3301
PPOR;201902;TES;912,8553;50,7142;30,4285;8,1143;7,1;3,0429;1,0143;1,0143;50,7142;50,7142;0,1014;0,2029;0,2029;0,5071;2,0286;0,0;0,0;0,0;0,0;10,1428
PPOR;201903;TES;941,8371;52,3243;31,3946;8,3719;7,3254;3,1395;1,0465;1,0465;52,3243;52,3243;0,1046;0,2093;0,2093;0,5232;2,093;0,0;0,0;0,0;0,0;10,4649
PPOR;201904;TES;933,4837;51,8602;31,1161;8,2976;7,2604;3,1116;1,0372;1,0372;51,8602;51,8602;0,1037;0,2074;0,2074;0,5186;2,0744;0,0;0,0;0,0;0,0;10,372
PPLK;201801;Cards;888,9715;49,3873;29,6324;7,902;6,9142;2,9632;0,9877;0,9877;49,3873;49,3873;0,0988;0,1975;0,1975;0,4939;1,9755;0,0;0,0;0,0;0,0;9,8775
PPLK;201802;Cards;910,8228;50,6013;30,3608;8,0962;7,0842;3,0361;1,012;1,012;50,6013;50,6013;0,1012;0,2024;0,2024;0,506;2,0241;0,0;0,0;0,0;0,0;10,1203
PPLK;201803;Cards;882,6706;49,0373;29,4224;7,846;6,8652;2,9422;0,9807;0,9807;49,0373;49,0373;0,0981;0,1961;0,1961;0,4904;1,9615;0,0;0,0;0,0;0,0;9,8075
PPLK;201804;Cards;907,5268;50,4182;30,2509;8,0669;7,0585;3,0251;1,0084;1,0084;50,4182;50,4182;0,1008;0,2017;0,2017;0,5042;2,0167;0,0;0,0;0,0;0,0;10,0836
PPLK;201805;Cards;930,8284;51,7127;31,0276;8,274;7,2398;3,1028;1,0343;1,0343;51,7127;51,7127;0,1034;0,2069;0,2069;0,5171;2,0685;0,0;0,0;0,0;0,0;10,3425
PPLK;201806;Cards;963,529;53,5294;32,1176;8,5647;7,4941;3,2118;1,0706;1,0706;53,5294;53,5294;0,1071;0,2141;0,2141;0,5353;2,1412;0,0;0,0;0,0;0,0;10,7059
PPLK;201807;Cards;929,6653;51,6481;30,9888;8,2637;7,2307;3,0989;1,033;1,033;51,6481;51,6481;0,1033;0,2066;0,2066;0,5165;2,0659;0,0;0,0;0,0;0,0;10,3296
PPLK;201808;Cards;932,4895;51,805;31,083;8,2888;7,2527;3,1083;1,0361;1,0361;51,805;51,805;0,1036;0,2072;0,2072;0,518;2,0722;0,0;0,0;0,0;0,0;10,361
PPLK;201809;Cards;919,9906;51,1106;30,6664;8,1777;7,1555;3,0666;1,0222;1,0222;51,1106;51,1106;0,1022;0,2044;0,2044;0,5111;2,0444;0,0;0,0;0,0;0,0;10,2221
PPLK;201810;Cards;907,7603;50,4311;30,2587;8,069;7,0604;3,0259;1,0086;1,0086;50,4311;50,4311;0,1009;0,2017;0,2017;0,5043;2,0172;0,0;0,0;0,0;0,0;10,0862
PPLK;201811;Cards;921,5585;51,1977;30,7186;8,1916;7,1677;3,0719;1,024;1,024;51,1977;51,1977;0,1024;0,2048;0,2048;0,512;2,0479;0,0;0,0;0,0;0,0;10,2395
PPLK;201812;Cards;960,6736;53,3708;32,0225;8,5393;7,4719;3,2022;1,0674;1,0674;53,3708;53,3708;0,1067;0,2135;0,2135;0,5337;2,1348;0,0;0,0;0,0;0,0;10,6742
PPLK;201901;Cards;946,4129;52,5785;31,5471;8,4126;7,361;3,1547;1,0516;1,0516;52,5785;52,5785;0,1052;0,2103;0,2103;0,5258;2,1031;0,0;0,0;0,0;0,0;10,5157
PPLK;201902;Cards;894,0073;49,6671;29,8002;7,9467;6,9534;2,98;0,9933;0,9933;49,6671;49,6671;0,0993;0,1987;0,1987;0,4967;1,9867;0,0;0,0;0,0;0,0;9,9334
PPLK;201903;Cards;887,4083;49,3005;29,5803;7,8881;6,9021;2,958;0,986;0,986;49,3005;49,3005;0,0986;0,1972;0,1972;0,493;1,972;0,0;0,0;0,0;0,0;9,8601
PPLK;201904;Cards;928,4102;51,5783;30,947;8,2525;7,221;3,0947;1,0316;1,0316;51,5783;51,5783;0,1032;0,2063;0,2063;0,5158;2,0631;0,0;0,0;0,0;0,0;10,3157
PPLK;201801;Broker;886,6013;49,2556;29,5534;7,8809;6,8958;2,9553;0,9851;0,9851;49,2556;49,2556;0,0985;0,197;0,197;0,4926;1,9702;0,0;0,0;0,0;0,0;9,8511
PPLK;201802;Broker;923,331;51,2962;30,7777;8,2074;7,1815;3,0778;1,0259;1,0259;51,2962;51,2962;0,1026;0,2052;0,2052;0,513;2,0518;0,0;0,0;0,0;0,0;10,2592
PPLK;201803;Broker;899,3677;49,9649;29,9789;7,9944;6,9951;2,9979;0,9993;0,9993;49,9649;49,9649;0,0999;0,1999;0,1999;0,4996;1,9986;0,0;0,0;0,0;0,0;9,993
PPLK;201804;Broker;959,3647;53,298;31,9788;8,5277;7,4617;3,1979;1,066;1,066;53,298;53,298;0,1066;0,2132;0,2132;0,533;2,1319;0,0;0,0;0,0;0,0;10,6596
PPLK;201805;Broker;900,6462;50,0359;30,0215;8,0057;7,005;3,0022;1,0007;1,0007;50,0359;50,0359;0,1001;0,2001;0,2001;0,5004;2,0014;0,0;0,0;0,0;0,0;10,0072
PPLK;201806;Broker;901,0745;50,0597;30,0358;8,0096;7,0084;3,0036;1,0012;1,0012;50,0597;50,0597;0,1001;0,2002;0,2002;0,5006;2,0024;0,0;0,0;0,0;0,0;10,0119
PPLK;201807;Broker;899,7749;49,9875;29,9925;7,998;6,9982;2,9992;0,9997;0,9997;49,9875;49,9875;0,1;0,1999;0,1999;0,4999;1,9995;0,0;0,0;0,0;0,0;9,9975
PPLK;201808;Broker;906,0254;50,3347;30,2008;8,0536;7,0469;3,0201;1,0067;1,0067;50,3347;50,3347;0,1007;0,2013;0,2013;0,5033;2,0134;0,0;0,0;0,0;0,0;10,0669
PPLK;201809;Broker;906,9384;50,3855;30,2313;8,0617;7,054;3,0231;1,0077;1,0077;50,3855;50,3855;0,1008;0,2015;0,2015;0,5039;2,0154;0,0;0,0;0,0;0,0;10,0771
PPLK;201810;Broker;895,0459;49,7248;29,8349;7,956;6,9615;2,9835;0,9945;0,9945;49,7248;49,7248;0,0994;0,1989;0,1989;0,4972;1,989;0,0;0,0;0,0;0,0;9,945
PPLK;201811;Broker;924,1823;51,3435;30,8061;8,215;7,1881;3,0806;1,0269;1,0269;51,3435;51,3435;0,1027;0,2054;0,2054;0,5134;2,0537;0,0;0,0;0,0;0,0;10,2687
PPLK;201812;Broker;879,2721;48,8484;29,3091;7,8158;6,8388;2,9309;0,977;0,977;48,8484;48,8484;0,0977;0,1954;0,1954;0,4885;1,9539;0,0;0,0;0,0;0,0;9,7697
PPLK;201901;Broker;888,7488;49,3749;29,625;7,9;6,9125;2,9625;0,9875;0,9875;49,3749;49,3749;0,0987;0,1975;0,1975;0,4937;1,975;0,0;0,0;0,0;0,0;9,875
PPLK;201902;Broker;881,3936;48,9663;29,3798;7,8346;6,8553;2,938;0,9793;0,9793;48,9663;48,9663;0,0979;0,1959;0,1959;0,4897;1,9587;0,0;0,0;0,0;0,0;9,7933
PPLK;201903;Broker;895,1431;49,7302;29,8381;7,9568;6,9622;2,9838;0,9946;0,9946;49,7302;49,7302;0,0995;0,1989;0,1989;0,4973;1,9892;0,0;0,0;0,0;0,0;9,946
PPLK;201904;Broker;894,0029;49,6668;29,8001;7,9467;6,9534;2,98;0,9933;0,9933;49,6668;49,6668;0,0993;0,1987;0,1987;0,4967;1,9867;0,0;0,0;0,0;0,0;9,9334
PPLK;201801;Direct;841,9994;46,7777;28,0666;7,4844;6,5489;2,8067;0,9356;0,9356;46,7777;46,7777;0,0936;0,1871;0,1871;0,4678;1,8711;0,0;0,0;0,0;0,0;9,3555
PPLK;201802;Direct;873,8754;48,5486;29,1292;7,7678;6,7968;2,9129;0,971;0,971;48,5486;48,5486;0,0971;0,1942;0,1942;0,4855;1,9419;0,0;0,0;0,0;0,0;9,7097
PPLK;201803;Direct;841,4068;46,7448;28,0469;7,4792;6,5443;2,8047;0,9349;0,9349;46,7448;46,7448;0,0935;0,187;0,187;0,4674;1,8698;0,0;0,0;0,0;0,0;9,349
PPLK;201804;Direct;897,2221;49,8457;29,9074;7,9753;6,9784;2,9907;0,9969;0,9969;49,8457;49,8457;0,0997;0,1994;0,1994;0,4985;1,9938;0,0;0,0;0,0;0,0;9,9691
PPLK;201805;Direct;916,5569;50,9198;30,5519;8,1472;7,1288;3,0552;1,0184;1,0184;50,9198;50,9198;0,1018;0,2037;0,2037;0,5092;2,0368;0,0;0,0;0,0;0,0;10,184
PPLK;201806;Direct;901,958;50,1088;30,0653;8,0174;7,0152;3,0065;1,0022;1,0022;50,1088;50,1088;0,1002;0,2004;0,2004;0,5011;2,0044;0,0;0,0;0,0;0,0;10,0218
PPLK;201807;Direct;906,1855;50,3436;30,2062;8,055;7,0481;3,0206;1,0069;1,0069;50,3436;50,3436;0,1007;0,2014;0,2014;0,5034;2,0137;0,0;0,0;0,0;0,0;10,0687
PPLK;201808;Direct;880,0867;48,8937;29,3362;7,823;6,8451;2,9336;0,9779;0,9779;48,8937;48,8937;0,0978;0,1956;0,1956;0,4889;1,9557;0,0;0,0;0,0;0,0;9,7787
PPLK;201809;Direct;963,5287;53,5294;32,1176;8,5647;7,4941;3,2118;1,0706;1,0706;53,5294;53,5294;0,1071;0,2141;0,2141;0,5353;2,1412;0,0;0,0;0,0;0,0;10,7059
PPLK;201810;Direct;899,2987;49,961;29,9766;7,9938;6,9945;2,9977;0,9992;0,9992;49,961;49,961;0,0999;0,1998;0,1998;0,4996;1,9984;0,0;0,0;0,0;0,0;9,9922
PPLK;201811;Direct;901,5626;50,0868;30,0521;8,0139;7,0122;3,0052;1,0017;1,0017;50,0868;50,0868;0,1002;0,2003;0,2003;0,5009;2,0035;0,0;0,0;0,0;0,0;10,0174
PPLK;201812;Direct;946,7695;52,5983;31,559;8,4157;7,3638;3,1559;1,052;1,052;52,5983;52,5983;0,1052;0,2104;0,2104;0,526;2,1039;0,0;0,0;0,0;0,0;10,5197
PPLK;201901;Direct;930,847;51,7137;31,0282;8,2742;7,2399;3,1028;1,0343;1,0343;51,7137;51,7137;0,1034;0,2069;0,2069;0,5171;2,0685;0,0;0,0;0,0;0,0;10,3427
PPLK;201902;Direct;911,2887;50,6271;30,3763;8,1003;7,0878;3,0376;1,0125;1,0125;50,6271;50,6271;0,1013;0,2025;0,2025;0,5063;2,0251;0,0;0,0;0,0;0,0;10,1254
PPLK;201903;Direct;858,0747;47,6708;28,6025;7,6273;6,6739;2,8602;0,9534;0,9534;47,6708;47,6708;0,0953;0,1907;0,1907;0,4767;1,9068;0,0;0,0;0,0;0,0;9,5342
PPLK;201904;Direct;945,2022;52,5112;31,5067;8,4018;7,3516;3,1507;1,0502;1,0502;52,5112;52,5112;0,105;0,21;0,21;0,5251;2,1004;0,0;0,0;0,0;0,0;10,5022
PPOR;201801;Broker;920,8147;51,1564;30,6938;8,185;7,1619;3,0694;1,0231;1,0231;51,1564;51,1564;0,1023;0,2046;0,2046;0,5116;2,0463;0,0;0,0;0,0;0,0;10,2313
PPOR;201802;Broker;877,2054;48,7336;29,2402;7,7974;6,8227;2,924;0,9747;0,9747;48,7336;48,7336;0,0975;0,1949;0,1949;0,4873;1,9493;0,0;0,0;0,0;0,0;9,7467
PPOR;201803;Broker;875,366;48,6314;29,1789;7,781;6,8084;2,9179;0,9726;0,9726;48,6314;48,6314;0,0973;0,1945;0,1945;0,4863;1,9453;0,0;0,0;0,0;0,0;9,7263
PPOR;201804;Broker;860,9287;47,8294;28,6976;7,6527;6,6961;2,8698;0,9566;0,9566;47,8294;47,8294;0,0957;0,1913;0,1913;0,4783;1,9132;0,0;0,0;0,0;0,0;9,5659
PPOR;201805;Broker;924,0694;51,3372;30,8023;8,2139;7,1872;3,0802;1,0267;1,0267;51,3372;51,3372;0,1027;0,2053;0,2053;0,5134;2,0535;0,0;0,0;0,0;0,0;10,2674
PPOR;201806;Broker;935,673;51,9818;31,1891;8,3171;7,2775;3,1189;1,0396;1,0396;51,9818;51,9818;0,104;0,2079;0,2079;0,5198;2,0793;0,0;0,0;0,0;0,0;10,3964
PPOR;201807;Broker;938,8727;52,1596;31,2958;8,3455;7,3023;3,1296;1,0432;1,0432;52,1596;52,1596;0,1043;0,2086;0,2086;0,5216;2,0864;0,0;0,0;0,0;0,0;10,4319
PPOR;201808;Broker;936,443;52,0246;31,2148;8,3239;7,2834;3,1215;1,0405;1,0405;52,0246;52,0246;0,104;0,2081;0,2081;0,5202;2,081;0,0;0,0;0,0;0,0;10,4049
PPOR;201809;Broker;864,0722;48,004;28,8024;7,6806;6,7206;2,8802;0,9601;0,9601;48,004;48,004;0,096;0,192;0,192;0,48;1,9202;0,0;0,0;0,0;0,0;9,6008
PPOR;201810;Broker;887,6667;49,3148;29,5889;7,8904;6,9041;2,9589;0,9863;0,9863;49,3148;49,3148;0,0986;0,1973;0,1973;0,4931;1,9726;0,0;0,0;0,0;0,0;9,863
PPOR;201811;Broker;855,1249;47,5069;28,5042;7,6011;6,651;2,8504;0,9501;0,9501;47,5069;47,5069;0,095;0,19;0,19;0,4751;1,9003;0,0;0,0;0,0;0,0;9,5014
PPOR;201812;Broker;928,8562;51,6031;30,9619;8,2565;7,2244;3,0962;1,0321;1,0321;51,6031;51,6031;0,1032;0,2064;0,2064;0,516;2,0641;0,0;0,0;0,0;0,0;10,3206
PPOR;201901;Broker;940,5253;52,2514;31,3508;8,3602;7,3152;3,1351;1,045;1,045;52,2514;52,2514;0,1045;0,209;0,209;0,5225;2,0901;0,0;0,0;0,0;0,0;10,4503
PPOR;201902;Broker;860,5122;47,8062;28,6837;7,649;6,6929;2,8684;0,9561;0,9561;47,8062;47,8062;0,0956;0,1912;0,1912;0,4781;1,9122;0,0;0,0;0,0;0,0;9,5612
PPOR;201903;Broker;949,3776;52,7432;31,6459;8,4389;7,384;3,1646;1,0549;1,0549;52,7432;52,7432;0,1055;0,211;0,211;0,5274;2,1097;0,0;0,0;0,0;0,0;10,5486
PPOR;201904;Broker;812,6115;45,1451;27,0871;7,2232;6,3203;2,7087;0,9029;0,9029;45,1451;45,1451;0,0903;0,1806;0,1806;0,4515;1,8058;0,0;0,0;0,0;0,0;9,029
PPLK;201801;Bank;892,1127;49,5618;29,7371;7,9299;6,9387;2,9737;0,9912;0,9912;49,5618;49,5618;0,0991;0,1982;0,1982;0,4956;1,9825;0,0;0,0;0,0;0,0;9,9124
PPLK;201802;Bank;928,372;51,5762;30,9457;8,2522;7,2207;3,0946;1,0315;1,0315;51,5762;51,5762;0,1032;0,2063;0,2063;0,5158;2,063;0,0;0,0;0,0;0,0;10,3152
PPLK;201803;Bank;890,8636;49,4924;29,6955;7,9188;6,9289;2,9695;0,9898;0,9898;49,4924;49,4924;0,099;0,198;0,198;0,4949;1,9797;0,0;0,0;0,0;0,0;9,8985
PPLK;201804;Bank;923,674;51,3152;30,7891;8,2104;7,1841;3,0789;1,0263;1,0263;51,3152;51,3152;0,1026;0,2053;0,2053;0,5132;2,0526;0,0;0,0;0,0;0,0;10,263
PPLK;201805;Bank;880,4648;48,9147;29,3488;7,8264;6,8481;2,9349;0,9783;0,9783;48,9147;48,9147;0,0978;0,1957;0,1957;0,4891;1,9566;0,0;0,0;0,0;0,0;9,7829
PPLK;201806;Bank;879,895;48,8831;29,3298;7,8213;6,8436;2,933;0,9777;0,9777;48,8831;48,8831;0,0978;0,1955;0,1955;0,4888;1,9553;0,0;0,0;0,0;0,0;9,7766
PPLK;201807;Bank;948,7432;52,708;31,6248;8,4333;7,3791;3,1625;1,0542;1,0542;52,708;52,708;0,1054;0,2108;0,2108;0,5271;2,1083;0,0;0,0;0,0;0,0;10,5416
PPLK;201808;Bank;863,3408;47,9634;28,778;7,6741;6,7149;2,8778;0,9593;0,9593;47,9634;47,9634;0,0959;0,1919;0,1919;0,4796;1,9185;0,0;0,0;0,0;0,0;9,5927
PPLK;201809;Bank;909,6958;50,5387;30,3232;8,0862;7,0754;3,0323;1,0108;1,0108;50,5387;50,5387;0,1011;0,2022;0,2022;0,5054;2,0215;0,0;0,0;0,0;0,0;10,1077
PPLK;201810;Bank;925,2268;51,4015;30,8409;8,2242;7,1962;3,0841;1,028;1,028;51,4015;51,4015;0,1028;0,2056;0,2056;0,514;2,0561;0,0;0,0;0,0;0,0;10,2803
PPLK;201811;Bank;933,6727;51,8707;31,1224;8,2993;7,2619;3,1122;1,0374;1,0374;51,8707;51,8707;0,1037;0,2075;0,2075;0,5187;2,0748;0,0;0,0;0,0;0,0;10,3741
PPLK;201812;Bank;922,1287;51,2294;30,7376;8,1967;7,1721;3,0738;1,0246;1,0246;51,2294;51,2294;0,1025;0,2049;0,2049;0,5123;2,0492;0,0;0,0;0,0;0,0;10,2459
PPLK;201901;Bank;897,0436;49,8358;29,9015;7,9737;6,977;2,9901;0,9967;0,9967;49,8358;49,8358;0,0997;0,1993;0,1993;0,4984;1,9934;0,0;0,0;0,0;0,0;9,9672
PPLK;201902;Bank;898,7949;49,933;29,9598;7,9893;6,9906;2,996;0,9987;0,9987;49,933;49,933;0,0999;0,1997;0,1997;0,4993;1,9973;0,0;0,0;0,0;0,0;9,9866
PPLK;201903;Bank;906,3532;50,353;30,2118;8,0565;7,0494;3,0212;1,0071;1,0071;50,353;50,353;0,1007;0,2014;0,2014;0,5035;2,0141;0,0;0,0;0,0;0,0;10,0706
PPLK;201904;Bank;914,1212;50,7845;30,4707;8,1255;7,1098;3,0471;1,0157;1,0157;50,7845;50,7845;0,1016;0,2031;0,2031;0,5078;2,0314;0,0;0,0;0,0;0,0;10,1569
PITA;201801;Broker;874,5452;48,5858;29,1515;7,7737;6,802;2,9152;0,9717;0,9717;48,5858;48,5858;0,0972;0,1943;0,1943;0,4859;1,9434;0,0;0,0;0,0;0,0;9,7172
PITA;201802;Broker;890,4559;49,4698;29,6819;7,9152;6,9258;2,9682;0,9894;0,9894;49,4698;49,4698;0,0989;0,1979;0,1979;0,4947;1,9788;0,0;0,0;0,0;0,0;9,894
PITA;201803;Broker;896,1566;49,7865;29,8719;7,9658;6,9701;2,9872;0,9957;0,9957;49,7865;49,7865;0,0996;0,1991;0,1991;0,4979;1,9915;0,0;0,0;0,0;0,0;9,9573
PITA;201804;Broker;925,2853;51,4047;30,8428;8,2248;7,1967;3,0843;1,0281;1,0281;51,4047;51,4047;0,1028;0,2056;0,2056;0,514;2,0562;0,0;0,0;0,0;0,0;10,2809
PITA;201805;Broker;924,8326;51,3796;30,8278;8,2207;7,1931;3,0828;1,0276;1,0276;51,3796;51,3796;0,1028;0,2055;0,2055;0,5138;2,0552;0,0;0,0;0,0;0,0;10,2759
PITA;201806;Broker;912,6109;50,7006;30,4204;8,1121;7,0981;3,042;1,014;1,014;50,7006;50,7006;0,1014;0,2028;0,2028;0,507;2,028;0,0;0,0;0,0;0,0;10,1401
PITA;201807;Broker;867,5533;48,1974;28,9184;7,7116;6,7476;2,8918;0,9639;0,9639;48,1974;48,1974;0,0964;0,1928;0,1928;0,482;1,9279;0,0;0,0;0,0;0,0;9,6395
PITA;201808;Broker;871,5325;48,4185;29,0511;7,747;6,7786;2,9051;0,9684;0,9684;48,4185;48,4185;0,0968;0,1937;0,1937;0,4842;1,9367;0,0;0,0;0,0;0,0;9,6837
PITA;201809;Broker;886,0436;49,2246;29,5348;7,8759;6,8915;2,9535;0,9845;0,9845;49,2246;49,2246;0,0984;0,1969;0,1969;0,4922;1,969;0,0;0,0;0,0;0,0;9,8449
PITA;201810;Broker;900,5242;50,0291;30,0175;8,0047;7,0041;3,0017;1,0006;1,0006;50,0291;50,0291;0,1001;0,2001;0,2001;0,5003;2,0012;0,0;0,0;0,0;0,0;10,0058
PITA;201811;Broker;844,3082;46,906;28,1436;7,505;6,5668;2,8144;0,9381;0,9381;46,906;46,906;0,0938;0,1876;0,1876;0,4691;1,8762;0,0;0,0;0,0;0,0;9,3812
PITA;201812;Broker;909,2617;50,5145;30,3087;8,0823;7,072;3,0309;1,0103;1,0103;50,5145;50,5145;0,101;0,2021;0,2021;0,5051;2,0206;0,0;0,0;0,0;0,0;10,1029
PITA;201901;Broker;891,9889;49,5549;29,733;7,9288;6,9377;2,9733;0,9911;0,9911;49,5549;49,5549;0,0991;0,1982;0,1982;0,4955;1,9822;0,0;0,0;0,0;0,0;9,911
PITA;201902;Broker;927,3609;51,5201;30,912;8,2432;7,2128;3,0912;1,0304;1,0304;51,5201;51,5201;0,103;0,2061;0,2061;0,5152;2,0608;0,0;0,0;0,0;0,0;10,304
PITA;201903;Broker;911,8212;50,6567;30,394;8,1051;7,0919;3,0394;1,0131;1,0131;50,6567;50,6567;0,1013;0,2026;0,2026;0,5066;2,0263;0,0;0,0;0,0;0,0;10,1313
PITA;201904;Broker;904,0408;50,2245;30,1347;8,0359;7,0314;3,0135;1,0045;1,0045;50,2245;50,2245;0,1004;0,2009;0,2009;0,5022;2,009;0,0;0,0;0,0;0,0;10,0449
PPOR;201801;Bank;925,2828;51,4046;30,8428;8,2247;7,1966;3,0843;1,0281;1,0281;51,4046;51,4046;0,1028;0,2056;0,2056;0,514;2,0562;0,0;0,0;0,0;0,0;10,2809
PPOR;201802;Bank;880,4044;48,9114;29,3468;7,8258;6,8476;2,9347;0,9782;0,9782;48,9114;48,9114;0,0978;0,1956;0,1956;0,4891;1,9565;0,0;0,0;0,0;0,0;9,7823
PPOR;201803;Bank;853,7231;47,4291;28,4574;7,5886;6,6401;2,8457;0,9486;0,9486;47,4291;47,4291;0,0949;0,1897;0,1897;0,4743;1,8972;0,0;0,0;0,0;0,0;9,4858
PPOR;201804;Bank;898,304;49,9058;29,9435;7,9849;6,9868;2,9943;0,9981;0,9981;49,9058;49,9058;0,0998;0,1996;0,1996;0,4991;1,9962;0,0;0,0;0,0;0,0;9,9812
PPOR;201805;Bank;912,3739;50,6874;30,4125;8,11;7,0962;3,0412;1,0137;1,0137;50,6874;50,6874;0,1014;0,2027;0,2027;0,5069;2,0275;0,0;0,0;0,0;0,0;10,1375
PPOR;201806;Bank;930,4965;51,6942;31,0165;8,2711;7,2372;3,1017;1,0339;1,0339;51,6942;51,6942;0,1034;0,2068;0,2068;0,5169;2,0678;0,0;0,0;0,0;0,0;10,3388
PPOR;201807;Bank;929,7915;51,6551;30,993;8,2648;7,2317;3,0993;1,0331;1,0331;51,6551;51,6551;0,1033;0,2066;0,2066;0,5166;2,0662;0,0;0,0;0,0;0,0;10,331
PPOR;201808;Bank;911,7974;50,6554;30,3932;8,1049;7,0918;3,0393;1,0131;1,0131;50,6554;50,6554;0,1013;0,2026;0,2026;0,5066;2,0262;0,0;0,0;0,0;0,0;10,1311
PPOR;201809;Bank;899,2382;49,9577;29,9746;7,9932;6,9941;2,9975;0,9992;0,9992;49,9577;49,9577;0,0999;0,1998;0,1998;0,4996;1,9983;0,0;0,0;0,0;0,0;9,9915
PPOR;201810;Bank;845,8208;46,99;28,194;7,5184;6,5786;2,8194;0,9398;0,9398;46,99;46,99;0,094;0,188;0,188;0,4699;1,8796;0,0;0,0;0,0;0,0;9,398
PPOR;201811;Bank;904,4473;50,2471;30,1482;8,0395;7,0346;3,0148;1,0049;1,0049;50,2471;50,2471;0,1005;0,201;0,201;0,5025;2,0099;0,0;0,0;0,0;0,0;10,0494
PPOR;201812;Bank;881,1935;48,9552;29,3731;7,8328;6,8537;2,9373;0,9791;0,9791;48,9552;48,9552;0,0979;0,1958;0,1958;0,4896;1,9582;0,0;0,0;0,0;0,0;9,791
PPOR;201901;Bank;903,2978;50,1832;30,1099;8,0293;7,0256;3,011;1,0037;1,0037;50,1832;50,1832;0,1004;0,2007;0,2007;0,5018;2,0073;0,0;0,0;0,0;0,0;10,0366
PPOR;201902;Bank;923,2441;51,2913;30,7748;8,2066;7,1808;3,0775;1,0258;1,0258;51,2913;51,2913;0,1026;0,2052;0,2052;0,5129;2,0517;0,0;0,0;0,0;0,0;10,2583
PPOR;201903;Bank;880,9208;48,94;29,364;7,8304;6,8516;2,9364;0,9788;0,9788;48,94;48,94;0,0979;0,1958;0,1958;0,4894;1,9576;0,0;0,0;0,0;0,0;9,788
PPOR;201904;Bank;858,0983;47,6721;28,6033;7,6275;6,6741;2,8603;0,9534;0,9534;47,6721;47,6721;0,0953;0,1907;0,1907;0,4767;1,9069;0,0;0,0;0,0;0,0;9,5344
PITA;201801;TES;857,7499;47,6528;28,5917;7,6244;6,6714;2,8592;0,9531;0,9531;47,6528;47,6528;0,0953;0,1906;0,1906;0,4765;1,9061;0,0;0,0;0,0;0,0;9,5306
PITA;201802;TES;948,1533;52,6752;31,6051;8,428;7,3745;3,1605;1,0535;1,0535;52,6752;52,6752;0,1054;0,2107;0,2107;0,5268;2,107;0,0;0,0;0,0;0,0;10,535
PITA;201803;TES;962,9844;53,4991;32,0995;8,5599;7,4899;3,2099;1,07;1,07;53,4991;53,4991;0,107;0,214;0,214;0,535;2,14;0,0;0,0;0,0;0,0;10,6998
PITA;201804;TES;925,8968;51,4387;30,8632;8,2302;7,2014;3,0863;1,0288;1,0288;51,4387;51,4387;0,1029;0,2058;0,2058;0,5144;2,0575;0,0;0,0;0,0;0,0;10,2877
PITA;201805;TES;921,6906;51,205;30,723;8,1928;7,1687;3,0723;1,0241;1,0241;51,205;51,205;0,1024;0,2048;0,2048;0,5121;2,0482;0,0;0,0;0,0;0,0;10,241
PITA;201806;TES;906,8668;50,3815;30,2289;8,061;7,0534;3,0229;1,0076;1,0076;50,3815;50,3815;0,1008;0,2015;0,2015;0,5038;2,0153;0,0;0,0;0,0;0,0;10,0763
PITA;201807;TES;912,9817;50,7212;30,4327;8,1154;7,101;3,0433;1,0144;1,0144;50,7212;50,7212;0,1014;0,2029;0,2029;0,5072;2,0288;0,0;0,0;0,0;0,0;10,1442
PITA;201808;TES;871,9933;48,4441;29,0664;7,7511;6,7822;2,9066;0,9689;0,9689;48,4441;48,4441;0,0969;0,1938;0,1938;0,4844;1,9378;0,0;0,0;0,0;0,0;9,6888
PITA;201809;TES;891,5331;49,5296;29,7178;7,9247;6,9341;2,9718;0,9906;0,9906;49,5296;49,5296;0,0991;0,1981;0,1981;0,4953;1,9812;0,0;0,0;0,0;0,0;9,9059
PITA;201810;TES;955,2239;53,068;31,8408;8,4909;7,4295;3,1841;1,0614;1,0614;53,068;53,068;0,1061;0,2123;0,2123;0,5307;2,1227;0,0;0,0;0,0;0,0;10,6136
PITA;201811;TES;891,6521;49,5362;29,7217;7,9258;6,9351;2,9722;0,9907;0,9907;49,5362;49,5362;0,0991;0,1981;0,1981;0,4954;1,9814;0,0;0,0;0,0;0,0;9,9072
PITA;201812;TES;888,1637;49,3424;29,6055;7,8948;6,9079;2,9605;0,9868;0,9868;49,3424;49,3424;0,0987;0,1974;0,1974;0,4934;1,9737;0,0;0,0;0,0;0,0;9,8685
PITA;201901;TES;891,8488;49,5472;29,7283;7,9275;6,9366;2,9728;0,9909;0,9909;49,5472;49,5472;0,0991;0,1982;0,1982;0,4955;1,9819;0,0;0,0;0,0;0,0;9,9094
PITA;201902;TES;920,6407;51,1467;30,688;8,1835;7,1605;3,0688;1,0229;1,0229;51,1467;51,1467;0,1023;0,2046;0,2046;0,5115;2,0459;0,0;0,0;0,0;0,0;10,2293
PITA;201903;TES;902,5344;50,1408;30,0845;8,0225;7,0197;3,0084;1,0028;1,0028;50,1408;50,1408;0,1003;0,2006;0,2006;0,5014;2,0056;0,0;0,0;0,0;0,0;10,0282
PITA;201904;TES;886,9274;49,2737;29,5642;7,8838;6,8983;2,9564;0,9855;0,9855;49,2737;49,2737;0,0985;0,1971;0,1971;0,4927;1,9709;0,0;0,0;0,0;0,0;9,8547
PPOR;201801;Auto;824,7565;45,8198;27,4919;7,3312;6,4148;2,7492;0,9164;0,9164;45,8198;45,8198;0,0916;0,1833;0,1833;0,4582;1,8328;0,0;0,0;0,0;0,0;9,164
PPOR;201802;Auto;931,4074;51,7449;31,0469;8,2792;7,2443;3,1047;1,0349;1,0349;51,7449;51,7449;0,1035;0,207;0,207;0,5174;2,0698;0,0;0,0;0,0;0,0;10,349
PPOR;201803;Auto;858,2278;47,6793;28,6076;7,6287;6,6751;2,8608;0,9536;0,9536;47,6793;47,6793;0,0954;0,1907;0,1907;0,4768;1,9072;0,0;0,0;0,0;0,0;9,5359
PPOR;201804;Auto;924,2551;51,3475;30,8085;8,2156;7,1887;3,0809;1,027;1,027;51,3475;51,3475;0,1027;0,2054;0,2054;0,5135;2,0539;0,0;0,0;0,0;0,0;10,2695
PPOR;201805;Auto;896,6107;49,8117;29,887;7,9699;6,9736;2,9887;0,9962;0,9962;49,8117;49,8117;0,0996;0,1992;0,1992;0,4981;1,9925;0,0;0,0;0,0;0,0;9,9623
PPOR;201806;Auto;987,5576;54,8643;32,9186;8,7783;7,681;3,2919;1,0973;1,0973;54,8643;54,8643;0,1097;0,2195;0,2195;0,5486;2,1946;0,0;0,0;0,0;0,0;10,9729
PPOR;201807;Auto;942,5854;52,3659;31,4195;8,3785;7,3312;3,142;1,0473;1,0473;52,3659;52,3659;0,1047;0,2095;0,2095;0,5237;2,0946;0,0;0,0;0,0;0,0;10,4732
PPOR;201808;Auto;879,156;48,842;29,3052;7,8147;6,8379;2,9305;0,9768;0,9768;48,842;48,842;0,0977;0,1954;0,1954;0,4884;1,9537;0,0;0,0;0,0;0,0;9,7684
PPOR;201809;Auto;894,5127;49,6951;29,8171;7,9512;6,9573;2,9817;0,9939;0,9939;49,6951;49,6951;0,0994;0,1988;0,1988;0,497;1,9878;0,0;0,0;0,0;0,0;9,939
PPOR;201810;Auto;846,5043;47,028;28,2168;7,5245;6,5839;2,8217;0,9406;0,9406;47,028;47,028;0,0941;0,1881;0,1881;0,4703;1,8811;0,0;0,0;0,0;0,0;9,4056
PPOR;201811;Auto;897,4794;49,86;29,916;7,9776;6,9804;2,9916;0,9972;0,9972;49,86;49,86;0,0997;0,1994;0,1994;0,4986;1,9944;0,0;0,0;0,0;0,0;9,972
PPOR;201812;Auto;879,9865;48,8881;29,3329;7,8221;6,8443;2,9333;0,9778;0,9778;48,8881;48,8881;0,0978;0,1956;0,1956;0,4889;1,9555;0,0;0,0;0,0;0,0;9,7776
PPOR;201901;Auto;833,1086;46,2838;27,7703;7,4054;6,4797;2,777;0,9257;0,9257;46,2838;46,2838;0,0926;0,1851;0,1851;0,4628;1,8514;0,0;0,0;0,0;0,0;9,2568
PPOR;201902;Auto;904,364;50,2424;30,1455;8,0388;7,0339;3,0145;1,0048;1,0048;50,2424;50,2424;0,1005;0,201;0,201;0,5024;2,0097;0,0;0,0;0,0;0,0;10,0485
PPOR;201903;Auto;943,6433;52,4246;31,4548;8,3879;7,3394;3,1455;1,0485;1,0485;52,4246;52,4246;0,1048;0,2097;0,2097;0,5242;2,097;0,0;0,0;0,0;0,0;10,4849
PPOR;201904;Auto;920,1179;51,1177;30,6706;8,1788;7,1565;3,0671;1,0224;1,0224;51,1177;51,1177;0,1022;0,2045;0,2045;0,5112;2,0447;0,0;0,0;0,0;0,0;10,2235
PPLK;201801;TES;882,7273;49,0404;29,4242;7,8465;6,8657;2,9424;0,9808;0,9808;49,0404;49,0404;0,0981;0,1962;0,1962;0,4904;1,9616;0,0;0,0;0,0;0,0;9,8081
PPLK;201802;TES;942,7135;52,373;31,4238;8,3797;7,3322;3,1424;1,0475;1,0475;52,373;52,373;0,1047;0,2095;0,2095;0,5237;2,0949;0,0;0,0;0,0;0,0;10,4746
PPLK;201803;TES;858,2961;47,6831;28,6099;7,6293;6,6756;2,861;0,9537;0,9537;47,6831;47,6831;0,0954;0,1907;0,1907;0,4768;1,9073;0,0;0,0;0,0;0,0;9,5366
PPLK;201804;TES;906,244;50,3469;30,2081;8,0555;7,0486;3,0208;1,0069;1,0069;50,3469;50,3469;0,1007;0,2014;0,2014;0,5035;2,0139;0,0;0,0;0,0;0,0;10,0694
PPLK;201805;TES;933,2718;51,8484;31,1091;8,2957;7,2588;3,1109;1,037;1,037;51,8484;51,8484;0,1037;0,2074;0,2074;0,5185;2,0739;0,0;0,0;0,0;0,0;10,3697
PPLK;201806;TES;925,9495;51,4416;30,865;8,2307;7,2018;3,0865;1,0288;1,0288;51,4416;51,4416;0,1029;0,2058;0,2058;0,5144;2,0577;0,0;0,0;0,0;0,0;10,2883
PPLK;201807;TES;929,7845;51,6547;30,9928;8,2648;7,2317;3,0993;1,0331;1,0331;51,6547;51,6547;0,1033;0,2066;0,2066;0,5165;2,0662;0,0;0,0;0,0;0,0;10,3309
PPLK;201808;TES;851,884;47,3269;28,3961;7,5723;6,6258;2,8396;0,9465;0,9465;47,3269;47,3269;0,0947;0,1893;0,1893;0,4733;1,8931;0,0;0,0;0,0;0,0;9,4654
PPLK;201809;TES;947,9957;52,6664;31,5999;8,4266;7,3733;3,16;1,0533;1,0533;52,6664;52,6664;0,1053;0,2107;0,2107;0,5267;2,1067;0,0;0,0;0,0;0,0;10,5333
PPLK;201810;TES;874,3087;48,5727;29,1436;7,7716;6,8002;2,9144;0,9715;0,9715;48,5727;48,5727;0,0971;0,1943;0,1943;0,4857;1,9429;0,0;0,0;0,0;0,0;9,7145
PPLK;201811;TES;855,9306;47,5517;28,531;7,6083;6,6572;2,8531;0,951;0,951;47,5517;47,5517;0,0951;0,1902;0,1902;0,4755;1,9021;0,0;0,0;0,0;0,0;9,5103
PPLK;201812;TES;856,8806;47,6045;28,5627;7,6167;6,6646;2,8563;0,9521;0,9521;47,6045;47,6045;0,0952;0,1904;0,1904;0,476;1,9042;0,0;0,0;0,0;0,0;9,5209
PPLK;201901;TES;877,6533;48,7585;29,2551;7,8014;6,8262;2,9255;0,9752;0,9752;48,7585;48,7585;0,0975;0,195;0,195;0,4876;1,9503;0,0;0,0;0,0;0,0;9,7517
PPLK;201902;TES;880,8634;48,9369;29,3621;7,8299;6,8512;2,9362;0,9787;0,9787;48,9369;48,9369;0,0979;0,1957;0,1957;0,4894;1,9575;0,0;0,0;0,0;0,0;9,7874
PPLK;201903;TES;871,2813;48,4045;29,0427;7,7447;6,7766;2,9043;0,9681;0,9681;48,4045;48,4045;0,0968;0,1936;0,1936;0,484;1,9362;0,0;0,0;0,0;0,0;9,6809
PPLK;201904;TES;932,2106;51,7895;31,0737;8,2863;7,2505;3,1074;1,0358;1,0358;51,7895;51,7895;0,1036;0,2072;0,2072;0,5179;2,0716;0,0;0,0;0,0;0,0;10,3579
PITA;201801;Direct;894,2909;49,6828;29,8097;7,9493;6,9556;2,981;0,9937;0,9937;49,6828;49,6828;0,0994;0,1987;0,1987;0,4968;1,9873;0,0;0,0;0,0;0,0;9,9366
PITA;201802;Direct;916,9256;50,9403;30,5642;8,1504;7,1316;3,0564;1,0188;1,0188;50,9403;50,9403;0,1019;0,2038;0,2038;0,5094;2,0376;0,0;0,0;0,0;0,0;10,1881
PITA;201803;Direct;870,0988;48,3388;29,0033;7,7342;6,7674;2,9003;0,9668;0,9668;48,3388;48,3388;0,0967;0,1934;0,1934;0,4834;1,9336;0,0;0,0;0,0;0,0;9,6678
PITA;201804;Direct;891,3363;49,5187;29,7112;7,923;6,9326;2,9711;0,9904;0,9904;49,5187;49,5187;0,099;0,1981;0,1981;0,4952;1,9807;0,0;0,0;0,0;0,0;9,9037
PITA;201805;Direct;923,3218;51,2957;30,7774;8,2073;7,1814;3,0777;1,0259;1,0259;51,2957;51,2957;0,1026;0,2052;0,2052;0,513;2,0518;0,0;0,0;0,0;0,0;10,2591
PITA;201806;Direct;912,2288;50,6794;30,4076;8,1087;7,0951;3,0408;1,0136;1,0136;50,6794;50,6794;0,1014;0,2027;0,2027;0,5068;2,0272;0,0;0,0;0,0;0,0;10,1359
PITA;201807;Direct;861,3956;47,8553;28,7132;7,6569;6,6997;2,8713;0,9571;0,9571;47,8553;47,8553;0,0957;0,1914;0,1914;0,4786;1,9142;0,0;0,0;0,0;0,0;9,5711
PITA;201808;Direct;911,8869;50,6604;30,3962;8,1057;7,0925;3,0396;1,0132;1,0132;50,6604;50,6604;0,1013;0,2026;0,2026;0,5066;2,0264;0,0;0,0;0,0;0,0;10,1321
PITA;201809;Direct;858,369;47,6872;28,6123;7,6299;6,6762;2,8612;0,9537;0,9537;47,6872;47,6872;0,0954;0,1907;0,1907;0,4769;1,9075;0,0;0,0;0,0;0,0;9,5374
PITA;201810;Direct;890,6377;49,4799;29,6879;7,9168;6,9272;2,9688;0,9896;0,9896;49,4799;49,4799;0,099;0,1979;0,1979;0,4948;1,9792;0,0;0,0;0,0;0,0;9,896
PITA;201811;Direct;923,8928;51,3274;30,7964;8,2124;7,1858;3,0796;1,0265;1,0265;51,3274;51,3274;0,1027;0,2053;0,2053;0,5133;2,0531;0,0;0,0;0,0;0,0;10,2655
PITA;201812;Direct;863,2359;47,9575;28,7745;7,6732;6,7141;2,8775;0,9592;0,9592;47,9575;47,9575;0,0959;0,1918;0,1918;0,4796;1,9183;0,0;0,0;0,0;0,0;9,5915
PITA;201901;Direct;919,216;51,0676;30,6405;8,1708;7,1495;3,0641;1,0214;1,0214;51,0676;51,0676;0,1021;0,2043;0,2043;0,5107;2,0427;0,0;0,0;0,0;0,0;10,2135
PITA;201902;Direct;896,5648;49,8092;29,8855;7,9695;6,9733;2,9885;0,9962;0,9962;49,8092;49,8092;0,0996;0,1992;0,1992;0,4981;1,9924;0,0;0,0;0,0;0,0;9,9618
PITA;201903;Direct;846,357;47,0198;28,2119;7,5232;6,5828;2,8212;0,9404;0,9404;47,0198;47,0198;0,094;0,1881;0,1881;0,4702;1,8808;0,0;0,0;0,0;0,0;9,404
PITA;201904;Direct;897,2156;49,8453;29,9072;7,9752;6,9783;2,9907;0,9969;0,9969;49,8453;49,8453;0,0997;0,1994;0,1994;0,4985;1,9938;0,0;0,0;0,0;0,0;9,9691
PITA;201801;Retail;943,3482;52,4082;31,4449;8,3853;7,3372;3,1445;1,0482;1,0482;52,4082;52,4082;0,1048;0,2096;0,2096;0,5241;2,0963;0,0;0,0;0,0;0,0;10,4816
PITA;201802;Retail;891,0868;49,5048;29,7029;7,9208;6,9307;2,9703;0,9901;0,9901;49,5048;49,5048;0,099;0,198;0,198;0,495;1,9802;0,0;0,0;0,0;0,0;9,901
PITA;201803;Retail;847,4046;47,078;28,2468;7,5325;6,5909;2,8247;0,9416;0,9416;47,078;47,078;0,0942;0,1883;0,1883;0,4708;1,8831;0,0;0,0;0,0;0,0;9,4156
PITA;201804;Retail;886,3707;49,2428;29,5457;7,8789;6,894;2,9546;0,9849;0,9849;49,2428;49,2428;0,0985;0,197;0,197;0,4924;1,9697;0,0;0,0;0,0;0,0;9,8486
PITA;201805;Retail;912,6;50,7;30,42;8,112;7,098;3,042;1,014;1,014;50,7;50,7;0,1014;0,2028;0,2028;0,507;2,028;0,0;0,0;0,0;0,0;10,14
PITA;201806;Retail;936,1198;52,0067;31,204;8,3211;7,2809;3,1204;1,0401;1,0401;52,0067;52,0067;0,104;0,208;0,208;0,5201;2,0803;0,0;0,0;0,0;0,0;10,4013
PITA;201807;Retail;884,4045;49,1336;29,4802;7,8614;6,8787;2,948;0,9827;0,9827;49,1336;49,1336;0,0983;0,1965;0,1965;0,4913;1,9653;0,0;0,0;0,0;0,0;9,8267
PITA;201808;Retail;912,3015;50,6834;30,41;8,1093;7,0957;3,041;1,0137;1,0137;50,6834;50,6834;0,1014;0,2027;0,2027;0,5068;2,0273;0,0;0,0;0,0;0,0;10,1367
PITA;201809;Retail;886,0159;49,2231;29,5339;7,8757;6,8912;2,9534;0,9845;0,9845;49,2231;49,2231;0,0984;0,1969;0,1969;0,4922;1,9689;0,0;0,0;0,0;0,0;9,8446
PITA;201810;Retail;879,3287;48,8516;29,311;7,8163;6,8392;2,9311;0,977;0,977;48,8516;48,8516;0,0977;0,1954;0,1954;0,4885;1,9541;0,0;0,0;0,0;0,0;9,7703
PITA;201811;Retail;893,1442;49,6191;29,7715;7,9391;6,9467;2,9771;0,9924;0,9924;49,6191;49,6191;0,0992;0,1985;0,1985;0,4962;1,9848;0,0;0,0;0,0;0,0;9,9238
PITA;201812;Retail;934,815;51,9342;31,1605;8,3095;7,2708;3,1161;1,0387;1,0387;51,9342;51,9342;0,1039;0,2077;0,2077;0,5193;2,0774;0,0;0,0;0,0;0,0;10,3868
PITA;201901;Retail;875,4605;48,6367;29,182;7,7819;6,8091;2,9182;0,9727;0,9727;48,6367;48,6367;0,0973;0,1945;0,1945;0,4864;1,9455;0,0;0,0;0,0;0,0;9,7273
PITA;201902;Retail;899,6937;49,983;29,9898;7,9973;6,9976;2,999;0,9997;0,9997;49,983;49,983;0,1;0,1999;0,1999;0,4998;1,9993;0,0;0,0;0,0;0,0;9,9966
PITA;201903;Retail;873,303;48,5168;29,1101;7,7627;6,7924;2,911;0,9703;0,9703;48,5168;48,5168;0,097;0,1941;0,1941;0,4852;1,9407;0,0;0,0;0,0;0,0;9,7034
PITA;201904;Retail;925,5649;51,4203;30,8522;8,2272;7,1988;3,0852;1,0284;1,0284;51,4203;51,4203;0,1028;0,2057;0,2057;0,5142;2,0568;0,0;0,0;0,0;0,0;10,2841
